주차장관리번호,주차장명,주차장구분,주차장유형,소재지도로명주소,소재지지번주소,주차구획수,급지구분,부제시행구분,운영요일,평일운영시작시각,평일운영종료시각,토요일운영시작시각,토요일운영종료시각,공휴일운영시작시각,공휴일운영종료시각,요금정보,주차기본시간,주차기본요금,추가단위시간,추가단위요금,1일주차권요금적용시간,1일주차권요금,월정기권요금,결제방법,특기사항,관리기관명,전화번호,위도,경도,장애인전용주차구역보유여부,데이터기준일자
406-2-000001,돔베낭골공영주차장,공영,노외,제주특별자치도 서귀포시 태평로92번길 49 (호근동),제주특별자치도 서귀포시 호근동 1619,54,1,미시행,평일+토요일+공휴일,00:00,23:59,00:00,23:59,00:00,23:59,무료,0,0,,,,,,,,제주특별자치도 서귀포시 교통행정과,064-760-3138,33.240168,126.531879,,2026-04-16
406-2-000002,보목 노외 1 공영주차장,공영,노외,,제주특별자치도 서귀포시 보목동 393,70,2,요일제,평일+토요일+공휴일,00:00,23:59,00:00,23:59,00:00,23:59,혼합,30,1000,15,500,,,100000,신용카드,유공납세자(선정일로부터 1년간). 감면액 이상의 자원봉사마일리지 소지자. 장애정도가 심한 장애인 1일 1차례 3시간 면제+경차. 저공해차. 전기차. 4.3 희생자 및 유족 50 감면+최근 2년 이내 헌혈증 소지자. 장애정도가 심하지 않은 장애인. 국가유공자. 5.18민주유공자. 고엽제 후유의증 환자. 임산부. 다자녀가정. 의사상자. 장기등 기증자 1일 1차례 3시간 50 감면. 유료운영시간(평일 09:00 ~ 18:00) 이외는 무료,제주특별자치도 서귀포시 교통행정과,064-760-3138,33.2432037,126.6060817,,2026-04-16
406-2-000003,보목마을회관 동측 공영주차장,공영,노외,,제주특별자치도 서귀포시 보목동 788-1,19,2,미시행,평일+토요일+공휴일,00:00,23:59,00:00,23:59,00:00,23:59,무료,0,0,,,,,,,,제주특별자치도 서귀포시 교통행정과,064-760-3138,33.2414082,126.6035154,,2026-04-16
406-2-000004,중앙동 공영무료주차장,공영,노외,,제주특별자치도 서귀포시 서귀동 252-8,10,2,미시행,평일+토요일+공휴일,00:00,23:59,00:00,23:59,00:00,23:59,무료,0,0,,,,,,,,제주특별자치도 서귀포시 교통행정과,064-760-3138,33.2492358,126.5686464,,2026-04-16
406-2-000005,아랑조을거리 공영주차장,공영,노외,,제주특별자치도 서귀포시 서귀동 312-5,139,2,미시행,평일+토요일+공휴일,00:00,23:59,00:00,23:59,00:00,23:59,혼합,30,1000,15,500,,,100000,신용카드,유공납세자(선정일로부터 1년간). 감면액 이상의 자원봉사마일리지 소지자. 장애정도가 심한 장애인 1일 1차례 3시간 면제+경차. 저공해차. 전기차. 4.3 희생자 및 유족 50 감면+최근 2년 이내 헌혈증 소지자. 장애정도가 심하지 않은 장애인. 국가유공자. 5.18민주유공자. 고엽제 후유의증 환자. 임산부. 다자녀가정. 의사상자. 장기등 기증자 1일 1차례 3시간 50 감면. 유료운영시간(평일 09:00 ~ 18:00) 이외는 무료,제주특별자치도 서귀포시 교통행정과,064-760-3138,33.2479107,126.5604205,,2026-04-16
406-2-000006,동홍1공영주차빌딩,공영,노외,,제주특별자치도 서귀포시 동홍동 395-2,144,2,요일제,평일+토요일+공휴일,00:00,23:59,00:00,23:59,00:00,23:59,혼합,30,1000,15,500,,,100000,신용카드,유공납세자(선정일로부터 1년간). 감면액 이상의 자원봉사마일리지 소지자. 장애정도가 심한 장애인 1일 1차례 3시간 면제+경차. 저공해차. 전기차. 4.3 희생자 및 유족 50 감면+최근 2년 이내 헌혈증 소지자. 장애정도가 심하지 않은 장애인. 국가유공자. 5.18민주유공자. 고엽제 후유의증 환자. 임산부. 다자녀가정. 의사상자. 장기등 기증자 1일 1차례 3시간 50 감면. 유료운영시간(평일 09:00 ~ 18:00) 이외는 무료,제주특별자치도 서귀포시 교통행정과,064-760-3138,33.25040465,126.5688552,,2026-04-16
406-2-000007,서홍공영노외2주차장,공영,노외,,제주특별자치도 서귀포시 서홍동 327-3,56,2,미시행,평일+토요일+공휴일,00:00,23:59,00:00,23:59,00:00,23:59,무료,0,0,,,,,,,,제주특별자치도 서귀포시 교통행정과,064-760-3138,33.25925758,126.5572983,,2026-04-16
406-2-000008,법환상로 공영주차장,공영,노외,,제주특별자치도 서귀포시 법환동 480-1,9,2,미시행,평일+토요일+공휴일,00:00,23:59,00:00,23:59,00:00,23:59,무료,0,0,,,,,,,,제주특별자치도 서귀포시 교통행정과,064-760-3138,33.2410225,126.5127111,,2026-04-16
406-2-000009,법환동 우체국 앞 공영주차장,공영,노외,,제주특별자치도 서귀포시 법환동 1219-2,12,2,미시행,평일+토요일+공휴일,00:00,23:59,00:00,23:59,00:00,23:59,무료,0,0,,,,,,,,제주특별자치도 서귀포시 도시과,064-760-2632,33.23759269,126.5123384,,2026-04-16
406-2-000010,천지연 공영주차장,공영,노외,,제주특별자치도 서귀포시 서홍동 684,190,1,미시행,평일+토요일+공휴일,00:00,23:59,00:00,23:59,00:00,23:59,무료,0,0,,,,,,,,제주특별자치도 서귀포시 관광지관리소,064-760-6302,33.24390527,126.5605745,,2026-04-16
406-2-000011,문부공원 공영주차장,공영,노외,제주특별자치도 서귀포시 일주동로 8593 (동홍동),제주특별자치도 서귀포시 동홍동 646-1,35,1,미시행,평일+토요일+공휴일,00:00,23:59,00:00,23:59,00:00,23:59,무료,0,0,,,,,,,,제주특별자치도 서귀포시 공원녹지과,064-760-3192,33.25431516,126.5699892,,2026-04-16
406-2-000012,용머리 공영주차장,공영,노외,제주특별자치도 서귀포시 안덕면 사계남로216번길 28,제주특별자치도 서귀포시 안덕면 사계리 118-3,70,2,미시행,평일+토요일+공휴일,00:00,23:59,00:00,23:59,00:00,23:59,무료,0,0,,,,,,,,제주특별자치도 서귀포시 관광지관리소,064-760-6321,33.233793,126.310842,,2026-04-16
406-2-000013,월드컵경기장 공영주차장,공영,노외,제주특별자치도 서귀포시 월드컵로 31 (법환동),제주특별자치도 서귀포시 법환동 914,723,1,미시행,평일+토요일+공휴일,00:00,23:59,00:00,23:59,00:00,23:59,무료,0,0,,,,,,,,제주특별자치도 서귀포시 체육진흥과,064-760-3602,33.247067,126.507363,,2026-04-16
406-2-000014,매일올레시장 공영주차빌딩,공영,노외,제주특별자치도 서귀포시 중앙로62번길 20 (서귀동),제주특별자치도 서귀포시 서귀동 277-1,232,1,미시행,평일+토요일+공휴일,00:00,23:59,00:00,23:59,00:00,23:59,유료,30,1000,15,500,,,100000,신용카드,유공납세자(선정일로부터 1년간). 감면액 이상의 자원봉사마일리지 소지자. 장애정도가 심한 장애인 1일 1차례 3시간 면제+경차. 저공해차. 전기차. 4.3 희생자 및 유족 50 감면+최근 2년 이내 헌혈증 소지자. 장애정도가 심하지 않은 장애인. 국가유공자. 5.18민주유공자. 고엽제 후유의증 환자. 임산부. 다자녀가정. 의사상자. 장기등 기증자 1일 1차례 3시간 50 감면. 유료운영시간(평일 09:00 ~ 18:00) 이외는 무료,제주특별자치도 서귀포시 교통행정과+매일올레조합,064-762-1949,33.2503908,126.5635907,,2026-04-16
406-2-000015,산방산 남측 공영주차장,공영,노외,,제주특별자치도 서귀포시 안덕면 사계리 163-1,37,2,미시행,평일+토요일+공휴일,00:00,23:59,00:00,23:59,00:00,23:59,무료,0,0,,,,,,,,제주특별자치도 서귀포시 관광지관리소,064-760-6321,33.235943,126.3118281,,2026-04-16
406-2-000016,대정하모 공영노외2주차장,공영,노외,,제주특별자치도 서귀포시 대정읍 하모리 964-2,14,2,미시행,평일+토요일+공휴일,00:00,23:59,00:00,23:59,00:00,23:59,혼합,30,1000,15,500,,,75000,신용카드,유공납세자(선정일로부터 1년간). 감면액 이상의 자원봉사마일리지 소지자. 장애정도가 심한 장애인 1일 1차례 3시간 면제+경차. 저공해차. 전기차. 4.3 희생자 및 유족 50 감면+최근 2년 이내 헌혈증 소지자. 장애정도가 심하지 않은 장애인. 국가유공자. 5.18민주유공자. 고엽제 후유의증 환자. 임산부. 다자녀가정. 의사상자. 장기등 기증자 1일 1차례 3시간 50 감면. 유료운영시간(평일 09:00 ~ 18:00) 이외는 무료,제주특별자치도 서귀포시 교통행정과,064-760-2632,33.223027,126.252066,,2026-04-16
406-2-000017,걸매생태공원 공영주차장,공영,노외,제주특별자치도 서귀포시 서홍로 4-40 (서홍동),제주특별자치도 서귀포시 서홍동 477-1,79,1,미시행,평일+토요일+공휴일,00:00,23:59,00:00,23:59,00:00,23:59,무료,0,0,,,,,,,,제주특별자치도 서귀포시 공원녹지과,064-760-3192,33.25014681,126.5545605,,2026-04-16
406-2-000018,제일교회 부근 공영주차장,공영,노외,,제주특별자치도 서귀포시 대정읍 하모리 1129-1,5,2,미시행,평일+토요일+공휴일,00:00,23:59,00:00,23:59,00:00,23:59,무료,0,0,,,,,,,,제주특별자치도 서귀포시 도시과,064-760-2972,33.222216,126.249797,,2026-04-16
406-2-000019,송악산공영주차장,공영,노외,,제주특별자치도 서귀포시 대정읍 상모리 165,15,2,미시행,평일+토요일+공휴일,00:00,23:59,00:00,23:59,00:00,23:59,무료,0,0,,,,,,,,제주특별자치도 서귀포시 교통행정과,064-760-3138,33.20598643,126.288942,,2026-04-16
406-2-000020,대정하모 공영노외3주차장,공영,노외,,제주특별자치도 서귀포시 대정읍 하모리 1512-1,14,2,미시행,평일+토요일+공휴일,00:00,23:59,00:00,23:59,00:00,23:59,혼합,30,1000,15,500,,,75000,신용카드,유공납세자(선정일로부터 1년간). 감면액 이상의 자원봉사마일리지 소지자. 장애정도가 심한 장애인 1일 1차례 3시간 면제+경차. 저공해차. 전기차. 4.3 희생자 및 유족 50 감면+최근 2년 이내 헌혈증 소지자. 장애정도가 심하지 않은 장애인. 국가유공자. 5.18민주유공자. 고엽제 후유의증 환자. 임산부. 다자녀가정. 의사상자. 장기등 기증자 1일 1차례 3시간 50 감면. 유료운영시간(평일 09:00 ~ 18:00) 이외는 무료,제주특별자치도 서귀포시 교통행정과,064-760-2632,33.223864,126.2524395,,2026-04-16
406-2-000021,고성오일장 옆 공영주차장,공영,노외,제주특별자치도 서귀포시 성산읍 고성오조로 93,제주특별자치도 서귀포시 성산읍 고성리 1180-34,97,2,미시행,평일+토요일+공휴일,00:00,23:59,00:00,23:59,00:00,23:59,무료,0,0,,,,,,,,성산읍행정복지센터,064-760-2632,33.451862,126.912815,,2026-04-16
406-2-000022,표선민속촌 공영주차장,공영,노외,제주특별자치도 서귀포시 표선면 민속해안로 631-46,제주특별자치도 서귀포시 표선면 표선리 40-77,184,2,미시행,평일+토요일+공휴일,00:00,23:59,00:00,23:59,00:00,23:59,무료,0,0,,,,,,,,제주특별자치도 서귀포시 관광진흥과,064-760-2673,33.32382678,126.8436765,,2026-04-16
406-2-000023,성읍민속마을 공영주차장,공영,노외,,제주특별자치도 서귀포시 표선면 성읍리 778,69,2,미시행,평일+토요일+공휴일,00:00,23:59,00:00,23:59,00:00,23:59,무료,0,0,,,,,,,,제주특별자치도 세계유산문화재부,064-710-6793,33.38479295,126.8007251,,2026-04-16
406-2-000024,하모3리마을회관 옆 공영주차장,공영,노외,,제주특별자치도 서귀포시 대정읍 하모리 1077-1,10,2,미시행,평일+토요일+공휴일,00:00,23:59,00:00,23:59,00:00,23:59,무료,0,0,,,,,,,,제주특별자치도 서귀포시 도시과,064-760-2632,33.221643,126.2495852,,2026-04-16
406-2-000025,중앙로터리공영주차빌딩,공영,노외,제주특별자치도 서귀포시 서문로 7 (서귀동),제주특별자치도 서귀포시 서귀동 298-2,120,1,미시행,평일+토요일+공휴일,00:00,23:59,00:00,23:59,00:00,23:59,혼합,30,1000,15,500,,,100000,신용카드,유공납세자(선정일로부터 1년간). 감면액 이상의 자원봉사마일리지 소지자. 장애정도가 심한 장애인 1일 1차례 3시간 면제+경차. 저공해차. 전기차. 4.3 희생자 및 유족 50 감면+최근 2년 이내 헌혈증 소지자. 장애정도가 심하지 않은 장애인. 국가유공자. 5.18민주유공자. 고엽제 후유의증 환자. 임산부. 다자녀가정. 의사상자. 장기등 기증자 1일 1차례 3시간 50 감면. 유료운영시간(평일 09:00 ~ 18:00) 이외는 무료,제주특별자치도 서귀포시 교통행정과,064-760-3138,33.251679,126.560439,,2026-04-16
406-2-000026,정방폭포 공영주차장,공영,노외,제주특별자치도 서귀포시 칠십리로214번길 35-1 (동홍동),제주특별자치도 서귀포시 동홍동 277,62,1,미시행,평일+토요일+공휴일,00:00,23:59,00:00,23:59,00:00,23:59,무료,0,0,,,,,,,,제주특별자치도 서귀포시 관광지관리소,064-760-3152,33.244605,126.573225,,2026-04-16
406-2-000027,상모아파트 앞 공영주차장,공영,노외,,제주특별자치도 서귀포시 대정읍 상모리 3970-2,13,2,미시행,평일+토요일+공휴일,00:00,23:59,00:00,23:59,00:00,23:59,무료,0,0,,,,,,,,제주특별자치도 서귀포시 교통행정과,064-760-3138,33.222557,126.2572262,,2026-04-16
406-2-000028,남원리 구오일장마당 공영주차장,공영,노외,,제주특별자치도 서귀포시 남원읍 남원리 84-2,37,2,미시행,평일+토요일+공휴일,00:00,23:59,00:00,23:59,00:00,23:59,무료,0,0,,,,,,,,제주특별자치도 서귀포시 교통행정과,064-760-2632,33.27879026,126.721369,,2026-04-16
406-2-000029,천지동노인회관 공영주차장,공영,노외,제주특별자치도 서귀포시 서문로 37 (서귀동),제주특별자치도 서귀포시 서귀동 321-5,18,1,미시행,평일+토요일+공휴일,00:00,23:59,00:00,23:59,00:00,23:59,무료,0,0,,,,,,,,제주특별자치도 서귀포시 교통행정과,064-760-3138,33.24959972,126.558497,,2026-04-16
406-2-000030,고성리 회전교차로 공영주차장,공영,노외,제주특별자치도 서귀포시 성산읍 고성오조로 42,제주특별자치도 서귀포시 성산읍 고성리 336-2,65,2,미시행,평일+토요일+공휴일,00:00,23:59,00:00,23:59,00:00,23:59,무료,0,0,,,,,,,,제주특별자치도 서귀포시 교통행정과,064-760-3138,33.446556,126.915749,,2026-04-16
406-2-000031,법환동 재활용도움센터 옆 공영주차장,공영,노외,제주특별자치도 서귀포시 법환로 87 (법환동),제주특별자치도 서귀포시 법환동 1063,20,1,미시행,평일+토요일+공휴일,00:00,23:59,00:00,23:59,00:00,23:59,무료,0,0,,,,,,,,대륜동행정복지센터,064-760-2173,33.240292,126.507801,,2026-04-16
406-2-000032,회수사거리 공영주차장,공영,노외,,제주특별자치도 서귀포시 회수동 788-2,18,1,미시행,평일+토요일+공휴일,00:00,23:59,00:00,23:59,00:00,23:59,무료,0,0,,,,,,,,제주특별자치도 서귀포시 교통행정과,064-760-2173,33.263075,126.4424805,,2026-04-16
406-2-000033,하모리 제주은행 맞은편 공영주차장,공영,노외,,제주특별자치도 서귀포시 대정읍 하모리 846-11,17,2,미시행,평일+토요일+공휴일,00:00,23:59,00:00,23:59,00:00,23:59,무료,0,0,,,,,,,,제주특별자치도 서귀포시 교통행정과,064-760-3138,33.22124006,126.253279,,2026-04-16
406-2-000034,성산읍사무소 옆 공영주차장,공영,노외,,제주특별자치도 서귀포시 성산읍 고성리 1022-8,31,2,미시행,평일+토요일+공휴일,00:00,23:59,00:00,23:59,00:00,23:59,무료,0,0,,,,,,,,성산읍행정복지센터,064-760-4293,33.442407,126.9113794,,2026-04-16
406-2-000035,쇠소깍 공영주차장,공영,노외,제주특별자치도 서귀포시 쇠소깍로 104 (하효동),제주특별자치도 서귀포시 하효동 990-1,54,1,미시행,평일+토요일+공휴일,00:00,23:59,00:00,23:59,00:00,23:59,혼합,30,1000,15,500,,,100000,신용카드,유공납세자(선정일로부터 1년간). 감면액 이상의 자원봉사마일리지 소지자. 장애정도가 심한 장애인 1일 1차례 3시간 면제+경차. 저공해차. 전기차. 4.3 희생자 및 유족 50 감면+최근 2년 이내 헌혈증 소지자. 장애정도가 심하지 않은 장애인. 국가유공자. 5.18민주유공자. 고엽제 후유의증 환자. 임산부. 다자녀가정. 의사상자. 장기등 기증자 1일 1차례 3시간 50 감면. 유료운영시간(평일 09:00 ~ 18:00) 이외는 무료,제주특별자치도 서귀포시 교통행정과+하효마을회,064-760-3138,33.254249,126.622494,,2026-04-16
406-2-000036,고성리 원광어린이집 인근 공영주차장,공영,노외,,제주특별자치도 서귀포시 성산읍 고성리 1089,16,2,미시행,평일+토요일+공휴일,00:00,23:59,00:00,23:59,00:00,23:59,무료,0,0,,,,,,,,제주특별자치도 서귀포시 교통행정과,064-760-3138,33.449139,126.9106733,,2026-04-16
406-2-000037,천지공영주차빌딩(공작물),공영,노외,제주특별자치도 서귀포시 서문로 16 (서귀동),제주특별자치도 서귀포시 서귀동 305-1,218,1,미시행,평일+토요일+공휴일,00:00,23:59,00:00,23:59,00:00,23:59,혼합,30,1000,15,500,,,100000,신용카드,유공납세자(선정일로부터 1년간). 감면액 이상의 자원봉사마일리지 소지자. 장애정도가 심한 장애인 1일 1차례 3시간 면제+경차. 저공해차. 전기차. 4.3 희생자 및 유족 50 감면+최근 2년 이내 헌혈증 소지자. 장애정도가 심하지 않은 장애인. 국가유공자. 5.18민주유공자. 고엽제 후유의증 환자. 임산부. 다자녀가정. 의사상자. 장기등 기증자 1일 1차례 3시간 50 감면. 유료운영시간(평일 09:00 ~ 18:00) 이외는 무료,제주특별자치도 서귀포시 교통행정과,064-760-3138,33.251523,126.559351,,2026-04-16
406-2-000038,성산체육관 공영주차장,공영,노외,제주특별자치도 서귀포시 성산읍 일주동로 4024,제주특별자치도 서귀포시 성산읍 오조리 1365-1,152,2,미시행,평일+토요일+공휴일,00:00,23:59,00:00,23:59,00:00,23:59,무료,0,0,,,,,,,,성산읍행정복지센터,064-760-4293,33.46674615,126.9045603,,2026-04-16
406-2-000039,고성리 구보건지소 공영주차장,공영,노외,,제주특별자치도 서귀포시 성산읍 고성리 1192-2,33,2,미시행,평일+토요일+공휴일,00:00,23:59,00:00,23:59,00:00,23:59,무료,0,0,,,,,,,,제주특별자치도 서귀포시 교통행정과,064-760-3138,33.4509482,126.9138794,,2026-04-16
406-2-000040,동광육거리 공영주차장,공영,노외,,제주특별자치도 서귀포시 안덕면 동광리 827,37,2,미시행,평일+토요일+공휴일,00:00,23:59,00:00,23:59,00:00,23:59,혼합,30,1000,15,500,,,75000,신용카드,유공납세자(선정일로부터 1년간). 감면액 이상의 자원봉사마일리지 소지자. 장애정도가 심한 장애인 1일 1차례 3시간 면제+경차. 저공해차. 전기차. 4.3 희생자 및 유족 50 감면+최근 2년 이내 헌혈증 소지자. 장애정도가 심하지 않은 장애인. 국가유공자. 5.18민주유공자. 고엽제 후유의증 환자. 임산부. 다자녀가정. 의사상자. 장기등 기증자 1일 1차례 3시간 50 감면. 유료운영시간(평일 09:00 ~ 18:00) 이외는 무료,제주특별자치도 서귀포시 교통행정과,064-760-3138,33.310947,126.3416552,,2026-04-16
406-2-000041,화순사거리 공영주차장,공영,노외,,제주특별자치도 서귀포시 안덕면 화순리 1072,38,2,미시행,평일+토요일+공휴일,00:00,23:59,00:00,23:59,00:00,23:59,무료,0,0,,,,,,,,제주특별자치도 서귀포시 교통행정과,064-760-3138,33.24631514,126.3352378,,2026-04-16
406-2-000042,중앙공영주차빌딩(공작물),공영,노외,제주특별자치도 서귀포시 중앙로54번길 17 (서귀동),제주특별자치도 서귀포시 서귀동 291-2,306,1,미시행,평일+토요일+공휴일,00:00,23:59,00:00,23:59,00:00,23:59,혼합,30,1000,15,500,,,100000,신용카드,유공납세자(선정일로부터 1년간). 감면액 이상의 자원봉사마일리지 소지자. 장애정도가 심한 장애인 1일 1차례 3시간 면제+경차. 저공해차. 전기차. 4.3 희생자 및 유족 50 감면+최근 2년 이내 헌혈증 소지자. 장애정도가 심하지 않은 장애인. 국가유공자. 5.18민주유공자. 고엽제 후유의증 환자. 임산부. 다자녀가정. 의사상자. 장기등 기증자 1일 1차례 3시간 50 감면. 유료운영시간(평일 09:00 ~ 18:00) 이외는 무료,제주특별자치도 서귀포시 교통행정과,064-760-3138,33.24985968,126.562164,,2026-04-16
406-2-000043,성산고성 공영노외1주차장,공영,노외,,제주특별자치도 서귀포시 성산읍 고성리 327-1,55,2,미시행,평일+토요일+공휴일,00:00,23:59,00:00,23:59,00:00,23:59,혼합,30,1000,15,500,,,75000,신용카드,유공납세자(선정일로부터 1년간). 감면액 이상의 자원봉사마일리지 소지자. 장애정도가 심한 장애인 1일 1차례 3시간 면제+경차. 저공해차. 전기차. 4.3 희생자 및 유족 50 감면+최근 2년 이내 헌혈증 소지자. 장애정도가 심하지 않은 장애인. 국가유공자. 5.18민주유공자. 고엽제 후유의증 환자. 임산부. 다자녀가정. 의사상자. 장기등 기증자 1일 1차례 3시간 50 감면. 유료운영시간(평일 09:00 ~ 18:00) 이외는 무료,제주특별자치도 서귀포시 교통행정과,064-760-3138,33.44855946,126.916654,,2026-04-16
406-2-000044,남원의례회관 공영주차장,공영,노외,,제주특별자치도 서귀포시 남원읍 남원리 380-1,181,2,미시행,평일+토요일+공휴일,00:00,23:59,00:00,23:59,00:00,23:59,무료,0,0,,,,,,,,남원읍행정복지센터,064-760-4192,33.294469,126.7115719,,2026-04-16
406-2-000045,동홍2공영주차빌딩,공영,노외,제주특별자치도 서귀포시 동홍중앙로 56 (동홍동),제주특별자치도 서귀포시 동홍동 470-1,66,1,요일제,평일+토요일+공휴일,00:00,23:59,00:00,23:59,00:00,23:59,혼합,30,1000,15,500,,,100000,신용카드,유공납세자(선정일로부터 1년간). 감면액 이상의 자원봉사마일리지 소지자. 장애정도가 심한 장애인 1일 1차례 3시간 면제+경차. 저공해차. 전기차. 4.3 희생자 및 유족 50 감면+최근 2년 이내 헌혈증 소지자. 장애정도가 심하지 않은 장애인. 국가유공자. 5.18민주유공자. 고엽제 후유의증 환자. 임산부. 다자녀가정. 의사상자. 장기등 기증자 1일 1차례 3시간 50 감면. 유료운영시간(평일 09:00 ~ 18:00) 이외는 무료,제주특별자치도 서귀포시 교통행정과,064-760-3138,33.25544697,126.572263,,2026-04-16
406-2-000046,서귀포향토오일시장 공영주차장,공영,노외,,제주특별자치도 서귀포시 동홍동 826-1,256,1,미시행,평일+토요일+공휴일,00:00,23:59,00:00,23:59,00:00,23:59,무료,0,0,,,,,,,,제주특별자치도 서귀포시 경제일자리과,064-760-3138,33.268613,126.573450,,2026-04-16
406-2-000047,"성산포항 공영주차장(지평식, 대형주차장 포함)",공영,노외,제주특별자치도 서귀포시 성산읍 성산등용로 112-7,제주특별자치도 서귀포시 성산읍 성산리 347-9,1134,2,미시행,평일+토요일+공휴일,00:00,23:59,00:00,23:59,00:00,23:59,혼합,30,1000,15,500,,,75000,신용카드,유공납세자(선정일로부터 1년간). 감면액 이상의 자원봉사마일리지 소지자. 장애정도가 심한 장애인 1일 1차례 3시간 면제+경차. 저공해차. 전기차. 4.3 희생자 및 유족 50 감면+최근 2년 이내 헌혈증 소지자. 장애정도가 심하지 않은 장애인. 국가유공자. 5.18민주유공자. 고엽제 후유의증 환자. 임산부. 다자녀가정. 의사상자. 장기등 기증자 1일 1차례 3시간 50 감면. 유료운영시간(평일 09:00 ~ 18:00) 이외는 무료,제주특별자치도 서귀포시 해양수산과+성산리마을회,064-760-2764,33.47191267,126.9331048,,2026-04-16
406-2-000048,외돌개 공영주차장,공영,노외,제주특별자치도 서귀포시 남성로 65 (서홍동),제주특별자치도 서귀포시 서홍동 780-1,30,1,미시행,평일+토요일+공휴일,00:00,23:59,00:00,23:59,00:00,23:59,무료,0,0,,,,,,,,제주특별자치도 서귀포시 공원녹지과,064-760-3192,33.24153618,126.5474759,,2026-04-16
406-2-000049,군민체육관 공영주차장,공영,노외,제주특별자치도 서귀포시 남원읍 태위로 551-27,제주특별자치도 서귀포시 남원읍 남원리 2337-1,52,2,미시행,평일+토요일+공휴일,00:00,23:59,00:00,23:59,00:00,23:59,무료,0,0,,,,,,,,남원읍행정복지센터,064-760-4192,33.27740522,126.7033506,,2026-04-16
406-2-000050,표선의례회관 앞 공영주차장,공영,노외,,제주특별자치도 서귀포시 표선면 표선리 2103,165,2,미시행,평일+토요일+공휴일,00:00,23:59,00:00,23:59,00:00,23:59,무료,0,0,,,,,,,,제주특별자치도 서귀포시 도시과,064-760-2975,33.327011,126.8234824,,2026-04-16
406-2-000051,국토교통인재개발원 동측 공영주차장,공영,노외,,제주특별자치도 서귀포시 서호동 1603,110,1,미시행,평일+토요일+공휴일,00:00,23:59,00:00,23:59,00:00,23:59,무료,0,0,,,,,,,,제주특별자치도 서귀포시 교통행정과,064-760-3138,33.252158,126.515699,,2026-04-16
406-2-000052,홍로공영주차빌딩,공영,노외,제주특별자치도 서귀포시 장수로 57 (동홍동),제주특별자치도 서귀포시 동홍동 1480-6,245,1,미시행,평일+토요일+공휴일,00:00,23:59,00:00,23:59,00:00,23:59,혼합,30,1000,15,500,,,100000,신용카드,유공납세자(선정일로부터 1년간). 감면액 이상의 자원봉사마일리지 소지자. 장애정도가 심한 장애인 1일 1차례 3시간 면제+경차. 저공해차. 전기차. 4.3 희생자 및 유족 50 감면+최근 2년 이내 헌혈증 소지자. 장애정도가 심하지 않은 장애인. 국가유공자. 5.18민주유공자. 고엽제 후유의증 환자. 임산부. 다자녀가정. 의사상자. 장기등 기증자 1일 1차례 3시간 50 감면. 유료운영시간(평일 09:00 ~ 18:00) 이외는 무료,제주특별자치도 서귀포시 교통행정과,064-760-3138,33.25595698,126.561302,,2026-04-16
406-2-000053,표선공영주차빌딩,공영,노외,제주특별자치도 서귀포시 표선면 표선중앙로 74-1,제주특별자치도 서귀포시 표선면 표선리 701,169,2,미시행,평일+토요일+공휴일,00:00,23:59,00:00,23:59,00:00,23:59,혼합,30,1000,15,500,,,75000,신용카드,유공납세자(선정일로부터 1년간). 감면액 이상의 자원봉사마일리지 소지자. 장애정도가 심한 장애인 1일 1차례 3시간 면제+경차. 저공해차. 전기차. 4.3 희생자 및 유족 50 감면+최근 2년 이내 헌혈증 소지자. 장애정도가 심하지 않은 장애인. 국가유공자. 5.18민주유공자. 고엽제 후유의증 환자. 임산부. 다자녀가정. 의사상자. 장기등 기증자 1일 1차례 3시간 50 감면. 유료운영시간(평일 09:00 ~ 18:00) 이외는 무료,표선면행정복지센터,064-760-4489,33.326236,126.831774,,2026-04-16
406-2-000054,정방공영주차빌딩,공영,노외,제주특별자치도 서귀포시 태평로431번길 23 (서귀동),제주특별자치도 서귀포시 서귀동 403-6,137,1,미시행,평일+토요일+공휴일,00:00,23:59,00:00,23:59,00:00,23:59,혼합,30,1000,15,500,,,100000,신용카드,유공납세자(선정일로부터 1년간). 감면액 이상의 자원봉사마일리지 소지자. 장애정도가 심한 장애인 1일 1차례 3시간 면제+경차. 저공해차. 전기차. 4.3 희생자 및 유족 50 감면+최근 2년 이내 헌혈증 소지자. 장애정도가 심하지 않은 장애인. 국가유공자. 5.18민주유공자. 고엽제 후유의증 환자. 임산부. 다자녀가정. 의사상자. 장기등 기증자 1일 1차례 3시간 50 감면. 유료운영시간(평일 09:00 ~ 18:00) 이외는 무료,제주특별자치도 서귀포시 교통행정과,064-760-3138,33.24771548,126.5657547,,2026-04-16
406-2-000055,나포리호텔 아래 공영주차장,공영,노외,,제주특별자치도 서귀포시 서귀동 600-3,3,1,미시행,평일+토요일+공휴일,00:00,23:59,00:00,23:59,00:00,23:59,무료,0,0,,,,,,,,제주특별자치도 서귀포시 교통행정과,064-760-2173,33.243655,126.5628782,,2026-04-16
406-2-000056,자구리 공영주차장,공영,노외,,제주특별자치도 서귀포시 서귀동 28-3,62,1,요일제,평일+토요일+공휴일,00:00,23:59,00:00,23:59,00:00,23:59,혼합,30,1000,15,500,,,100000,신용카드,유공납세자(선정일로부터 1년간). 감면액 이상의 자원봉사마일리지 소지자. 장애정도가 심한 장애인 1일 1차례 3시간 면제+경차. 저공해차. 전기차. 4.3 희생자 및 유족 50 감면+최근 2년 이내 헌혈증 소지자. 장애정도가 심하지 않은 장애인. 국가유공자. 5.18민주유공자. 고엽제 후유의증 환자. 임산부. 다자녀가정. 의사상자. 장기등 기증자 1일 1차례 3시간 50 감면. 유료운영시간(평일 09:00 ~ 18:00) 이외는 무료,제주특별자치도 서귀포시 교통행정과,064-760-3138,33.242873,126.566663,,2026-04-16
406-2-000057,이중섭거리 공영주차장,공영,노외,,제주특별자치도 서귀포시 서귀동 550,24,1,미시행,평일+토요일+공휴일,00:00,23:59,00:00,23:59,00:00,23:59,무료,0,0,,,,,,,,제주특별자치도 서귀포시 문화예술과,064-760-3561,33.245253,126.5649581,,2026-04-16
406-2-000058,서홍공영노외1주차장(서홍동주민센터 북서측),공영,노외,,제주특별자치도 서귀포시 서홍동 397-4,48,1,요일제,평일+토요일+공휴일,00:00,23:59,00:00,23:59,00:00,23:59,혼합,30,1000,15,500,,,100000,신용카드,유공납세자(선정일로부터 1년간). 감면액 이상의 자원봉사마일리지 소지자. 장애정도가 심한 장애인 1일 1차례 3시간 면제+경차. 저공해차. 전기차. 4.3 희생자 및 유족 50 감면+최근 2년 이내 헌혈증 소지자. 장애정도가 심하지 않은 장애인. 국가유공자. 5.18민주유공자. 고엽제 후유의증 환자. 임산부. 다자녀가정. 의사상자. 장기등 기증자 1일 1차례 3시간 50 감면. 유료운영시간(평일 09:00 ~ 18:00) 이외는 무료,제주특별자치도 서귀포시 교통행정과,064-760-3138,33.25630767,126.5593513,,2026-04-16
406-2-000059,효돈중학교 북측 공영주차장,공영,노외,,제주특별자치도 서귀포시 하효동 11-2,22,1,미시행,평일+토요일+공휴일,00:00,23:59,00:00,23:59,00:00,23:59,무료,0,0,,,,,,,,제주특별자치도 서귀포시 도시과,064-760-2972,33.26634521,126.620924,,2026-04-16
406-2-000060,표선 시가지내 공영주차장,공영,노외,,제주특별자치도 서귀포시 표선면 표선리 634-28,21,2,미시행,평일+토요일+공휴일,00:00,23:59,00:00,23:59,00:00,23:59,무료,0,0,,,,,,,,표선면행정복지센터,064-760-4482,33.325078,126.833875,,2026-04-16
406-2-000061,효돈동주민센터 남측 공영주차장,공영,노외,,제주특별자치도 서귀포시 하효동 149,93,1,미시행,평일+토요일+공휴일,00:00,23:59,00:00,23:59,00:00,23:59,무료,0,0,,,,,,,,효돈동행정복지센터,064-760-4632,33.26315958,126.6162392,,2026-04-16
406-2-000062,중앙여중 후문 공영주차장,공영,노외,,제주특별자치도 서귀포시 동홍동 1530-12,25,1,미시행,평일+토요일+공휴일,00:00,23:59,00:00,23:59,00:00,23:59,무료,0,0,,,,,,,,제주특별자치도 서귀포시 교통행정과,064-760-3138,33.25502147,126.5636737,,2026-04-16
406-2-000063,동홍 공영노외1주차장,공영,노외,,제주특별자치도 서귀포시 동홍동 514-2,102,1,요일제,평일+토요일+공휴일,00:00,23:59,00:00,23:59,00:00,23:59,혼합,30,1000,15,500,,,100000,신용카드,유공납세자(선정일로부터 1년간). 감면액 이상의 자원봉사마일리지 소지자. 장애정도가 심한 장애인 1일 1차례 3시간 면제+경차. 저공해차. 전기차. 4.3 희생자 및 유족 50 감면+최근 2년 이내 헌혈증 소지자. 장애정도가 심하지 않은 장애인. 국가유공자. 5.18민주유공자. 고엽제 후유의증 환자. 임산부. 다자녀가정. 의사상자. 장기등 기증자 1일 1차례 3시간 50 감면. 유료운영시간(평일 09:00 ~ 18:00) 이외는 무료,제주특별자치도 서귀포시 교통행정과,064-760-3138,33.25616185,126.5684382,,2026-04-16
406-2-000064,동홍 공영노외2주차장,공영,노외,,제주특별자치도 서귀포시 동홍동 429,28,1,요일제,평일+토요일+공휴일,00:00,23:59,00:00,23:59,00:00,23:59,혼합,30,1000,15,500,,,100000,신용카드,유공납세자(선정일로부터 1년간). 감면액 이상의 자원봉사마일리지 소지자. 장애정도가 심한 장애인 1일 1차례 3시간 면제+경차. 저공해차. 전기차. 4.3 희생자 및 유족 50 감면+최근 2년 이내 헌혈증 소지자. 장애정도가 심하지 않은 장애인. 국가유공자. 5.18민주유공자. 고엽제 후유의증 환자. 임산부. 다자녀가정. 의사상자. 장기등 기증자 1일 1차례 3시간 50 감면. 유료운영시간(평일 09:00 ~ 18:00) 이외는 무료,제주특별자치도 서귀포시 교통행정과,064-760-3138,33.25181564,126.5694961,,2026-04-16
406-2-000065,시민회관 옆 공영주차장,공영,노외,제주특별자치도 서귀포시 동홍로 35 (동홍동),제주특별자치도 서귀포시 동홍동 452-3,44,1,미시행,평일+토요일+공휴일,00:00,23:59,00:00,23:59,00:00,23:59,무료,0,0,,,,,,,,제주특별자치도 서귀포시 도시과,064-760-2972,33.251633,126.567538,,2026-04-16
406-2-000066,신시가지 공영주차장,공영,노외,,제주특별자치도 서귀포시 강정동 118-8,10,1,미시행,평일+토요일+공휴일,00:00,23:59,00:00,23:59,00:00,23:59,무료,0,0,,,,,,,,제주특별자치도 서귀포시 교통행정과,064-760-3138,33.260036,126.5073823,,2026-04-16
406-2-000067,강정마을 공영주차장,공영,노외,,제주특별자치도 서귀포시 강정동 5356-11,20,1,미시행,평일+토요일+공휴일,00:00,23:59,00:00,23:59,00:00,23:59,무료,0,0,,,,,,,,제주특별자치도 서귀포시 도시과,064-760-2972,33.235151,126.474661,,2026-04-16
406-2-000068,법환 노인회관 앞 공영주차장,공영,노외,,제주특별자치도 서귀포시 법환동 1134,16,1,미시행,평일+토요일+공휴일,00:00,23:59,00:00,23:59,00:00,23:59,무료,0,0,,,,,,,,대륜동행정복지센터,064-760-4752,33.23938649,126.509485,,2026-04-16
406-2-000069,동일다목적회관 앞 공영주차장,공영,노외,,제주특별자치도 서귀포시 대정읍 동일리 2829-6,8,2,미시행,평일+토요일+공휴일,00:00,23:59,00:00,23:59,00:00,23:59,무료,0,0,,,,,,,,대정읍행정복지센터,064-760-4092,33.22842744,126.2413832,,2026-04-16
406-2-000070,하모리 홍마트 북측 공영주차장,공영,노외,,제주특별자치도 서귀포시 대정읍 하모리 2143-12,11,2,미시행,평일+토요일+공휴일,00:00,23:59,00:00,23:59,00:00,23:59,무료,0,0,,,,,,,,대정읍행정복지센터,064-760-4092,33.220066,126.252586,,2026-04-16
406-2-000071,성산일출봉 주차장,공영,노외,제주특별자치도 서귀포시 성산읍 일출로 284-6,제주특별자치도 서귀포시 성산읍 성산리 114-3,285,2,미시행,평일+토요일+공휴일,00:00,23:59,00:00,23:59,00:00,23:59,무료,0,0,,,,,,,,제주특별자치도 세계유산문화재부,064-710-7925,33.46260347,126.935333,,2026-04-16
406-2-000072,서부종합사회복지관 남측 공영주차장,공영,노외,,제주특별자치도 서귀포시 대정읍 하모리 1173-1,34,2,미시행,평일+토요일+공휴일,00:00,23:59,00:00,23:59,00:00,23:59,무료,0,0,,,,,,,,제주특별자치도 서귀포시 교통행정과,064-760-3138,33.223648,126.248055,,2026-04-16
406-2-000073,남원 중앙동 공영주차장,공영,노외,,제주특별자치도 서귀포시 남원읍 남원리 141,48,2,미시행,평일+토요일+공휴일,00:00,23:59,00:00,23:59,00:00,23:59,무료,0,0,,,,,,,,제주특별자치도 서귀포시 교통행정과,064-760-3138,33.278887,126.716856,,2026-04-16
406-2-000074,동부보건소 공영주차장,공영,노외,,제주특별자치도 서귀포시 남원읍 남원리 2490-28,22,2,미시행,평일+토요일+공휴일,00:00,23:59,00:00,23:59,00:00,23:59,무료,0,0,,,,,,,,제주특별자치도 서귀포시 동부보건소,064-760-6112,33.27542313,126.7030554,,2026-04-16
406-2-000075,섭지코지 주차장,공영,노외,,제주특별자치도 서귀포시 성산읍 고성리 62-3,96,2,미시행,평일+토요일+공휴일,00:00,23:59,00:00,23:59,00:00,23:59,혼합,0,1000,15,500,,,75000,신용카드,유공납세자(선정일로부터 1년간). 감면액 이상의 자원봉사마일리지 소지자. 장애정도가 심한 장애인 1일 1차례 3시간 면제+경차. 저공해차. 전기차. 4.3 희생자 및 유족 50 감면+최근 2년 이내 헌혈증 소지자. 장애정도가 심하지 않은 장애인. 국가유공자. 5.18민주유공자. 고엽제 후유의증 환자. 임산부. 다자녀가정. 의사상자. 장기등 기증자 1일 1차례 3시간 50 감면. 유료운영시간(평일 09:00 ~ 18:00) 이외는 무료,성산읍행정복지센터+신양리마을회,064-760-4282,33.42386248,126.9290133,,2026-04-16
406-2-000076,서귀서초등학교 인근 공영주차장,공영,노외,,제주특별자치도 서귀포시 서홍동 365-3,9,1,미시행,평일+토요일+공휴일,00:00,23:59,00:00,23:59,00:00,23:59,무료,0,0,,,,,,,,제주특별자치도 서귀포시 교통행정과,064-760-3138,33.255173,126.555879,,2026-04-16
406-2-000077,노블컨벤션 안쪽 공영주차장,공영,노외,,제주특별자치도 서귀포시 서홍동 322-5,29,1,미시행,평일+토요일+공휴일,00:00,23:59,00:00,23:59,00:00,23:59,무료,0,0,,,,,,,,제주특별자치도 서귀포시 교통행정과+건설과,064-760-3138,33.258965,126.5582889,,2026-04-16
406-2-000078,자산오차드힐 인근 남측 공영주차장,공영,노외,,제주특별자치도 서귀포시 서홍동 1588-10,5,1,미시행,평일+토요일+공휴일,00:00,23:59,00:00,23:59,00:00,23:59,무료,0,0,,,,,,,,서홍동행정복지센터,064-760-4749,33.261125,126.5543492,,2026-04-16
406-2-000079,자산오차드힐 인근 북측 공영주차장,공영,노외,,제주특별자치도 서귀포시 서홍동 1597-4,9,1,미시행,평일+토요일+공휴일,00:00,23:59,00:00,23:59,00:00,23:59,무료,0,0,,,,,,,,제주특별자치도 서귀포시 도시과,064-760-2972,33.261563,126.554694,,2026-04-16
406-2-000080,산방산 공영주차장,공영,노외,,제주특별자치도 서귀포시 안덕면 사계리 166-4,28,2,미시행,평일+토요일+공휴일,00:00,23:59,00:00,23:59,00:00,23:59,무료,0,0,,,,,,,,제주특별자치도 서귀포시 관광지관리소,064-760-6321,33.236268,126.3125765,,2026-04-16
406-2-000081,중문초등학교 서측 공영주차장,공영,노외,,제주특별자치도 서귀포시 중문동 1971-2,7,1,미시행,평일+토요일+공휴일,00:00,23:59,00:00,23:59,00:00,23:59,무료,0,0,,,,,,,,제주특별자치도 서귀포시 건설과,064-760-3072,33.251636,126.428184,,2026-04-16
406-2-000082,중앙 공영노외1주차장,공영,노외,제주특별자치도 서귀포시 동문동로 28 (서귀동),제주특별자치도 서귀포시 서귀동 268-17,13,1,미시행,평일+토요일+공휴일,00:00,23:59,00:00,23:59,00:00,23:59,혼합,30,1000,15,500,,,100000,신용카드,유공납세자(선정일로부터 1년간). 감면액 이상의 자원봉사마일리지 소지자. 장애정도가 심한 장애인 1일 1차례 3시간 면제+경차. 저공해차. 전기차. 4.3 희생자 및 유족 50 감면+최근 2년 이내 헌혈증 소지자. 장애정도가 심하지 않은 장애인. 국가유공자. 5.18민주유공자. 고엽제 후유의증 환자. 임산부. 다자녀가정. 의사상자. 장기등 기증자 1일 1차례 3시간 50 감면. 유료운영시간(평일 09:00 ~ 18:00) 이외는 무료,제주특별자치도 서귀포시 교통행정과,064-760-3138,33.251114,126.565451,,2026-04-16
406-2-000083,천제연폭포 공영주차장,공영,노외,,제주특별자치도 서귀포시 중문동 2230,97,1,미시행,평일+토요일+공휴일,00:00,23:59,00:00,23:59,00:00,23:59,무료,0,0,,,,,,,,제주특별자치도 서귀포시 관광지관리소,064-760-6332,33.2532067,126.418764,,2026-04-16
406-2-000084,천제연폭포 버스전용 공영주차장,공영,노외,,제주특별자치도 서귀포시 중문동 2231,21,1,미시행,평일+토요일+공휴일,00:00,23:59,00:00,23:59,00:00,23:59,무료,0,0,,,,,,,,제주특별자치도 서귀포시 교통행정과,064-760-3138,33.25304291,126.4191565,,2026-04-16
406-2-000085,남원 비안동 공영주차장,공영,노외,,제주특별자치도 서귀포시 남원읍 남원리 180,93,2,미시행,평일+토요일+공휴일,00:00,23:59,00:00,23:59,00:00,23:59,혼합,30,1000,15,500,,,75000,신용카드,유공납세자(선정일로부터 1년간). 감면액 이상의 자원봉사마일리지 소지자. 장애정도가 심한 장애인 1일 1차례 3시간 면제+경차. 저공해차. 전기차. 4.3 희생자 및 유족 50 감면+최근 2년 이내 헌혈증 소지자. 장애정도가 심하지 않은 장애인. 국가유공자. 5.18민주유공자. 고엽제 후유의증 환자. 임산부. 다자녀가정. 의사상자. 장기등 기증자 1일 1차례 3시간 50 감면. 유료운영시간(평일 09:00 ~ 18:00) 이외는 무료,제주특별자치도 서귀포시 교통행정과,064-760-3138,33.280062,126.7183421,,2026-04-16
406-2-000086,대륜서호 공영노외1 주차장(고근산주차장),공영,노외,,제주특별자치도 서귀포시 서호동 1433,79,1,미시행,평일+토요일+공휴일,00:00,23:59,00:00,23:59,00:00,23:59,무료,0,0,,,,,,,,대륜동행정복지센터,064-760-4765,33.26352191,126.5110517,,2026-04-16
406-2-000087,세한교회 서측 공영주차장,공영,노외,,제주특별자치도 서귀포시 서홍동 1611,18,1,미시행,평일+토요일+공휴일,00:00,23:59,00:00,23:59,00:00,23:59,무료,0,0,,,,,,,,제주특별자치도 서귀포시 안전총괄과,064-760-3922,33.26369535,126.554256,,2026-04-16
406-2-000088,위미출장소 옆 공영주차장,공영,노외,제주특별자치도 서귀포시 남원읍 태위로 105,제주특별자치도 서귀포시 남원읍 위미리 2892,15,2,미시행,평일+토요일+공휴일,00:00,23:59,00:00,23:59,00:00,23:59,무료,0,0,,,,,,,,제주특별자치도 서귀포시 문화예술과,064-760-2483,33.27501048,126.6585881,,2026-04-16
406-2-000089,남원읍사무소 옆 공영주차장,공영,노외,제주특별자치도 서귀포시 남원읍 태위로 695,제주특별자치도 서귀포시 남원읍 남원리 205-1,20,2,미시행,평일+토요일+공휴일,00:00,23:59,00:00,23:59,00:00,23:59,무료,0,0,,,,,,,,남원읍행정복지센터,064-760-4146,33.2798959,126.720606,,2026-04-16
406-2-000090,대정하모 공영노외4주차장,공영,노외,,제주특별자치도 서귀포시 대정읍 하모리 861,40,2,미시행,평일+토요일+공휴일,00:00,23:59,00:00,23:59,00:00,23:59,혼합,30,1000,15,500,,,75000,신용카드,유공납세자(선정일로부터 1년간). 감면액 이상의 자원봉사마일리지 소지자. 장애정도가 심한 장애인 1일 1차례 3시간 면제+경차. 저공해차. 전기차. 4.3 희생자 및 유족 50 감면+최근 2년 이내 헌혈증 소지자. 장애정도가 심하지 않은 장애인. 국가유공자. 5.18민주유공자. 고엽제 후유의증 환자. 임산부. 다자녀가정. 의사상자. 장기등 기증자 1일 1차례 3시간 50 감면. 유료운영시간(평일 09:00 ~ 18:00) 이외는 무료,제주특별자치도 서귀포시 교통행정과,064-760-3138,33.223353,126.2538151,,2026-04-16
406-2-000091,하모리 삼성의원 앞 공영주차장,공영,노외,,제주특별자치도 서귀포시 대정읍 하모리 841-58,6,2,미시행,평일+토요일+공휴일,00:00,23:59,00:00,23:59,00:00,23:59,무료,0,0,,,,,,,,제주특별자치도 서귀포시 건설과,064-760-3138,33.22033253,126.2531986,,2026-04-16
406-2-000092,남원신례 공영노외1주차장,공영,노외,,제주특별자치도 서귀포시 남원읍 신례리 1044-1,64,2,미시행,평일+토요일+공휴일,00:00,23:59,00:00,23:59,00:00,23:59,무료,0,0,,,,,,,,제주특별자치도 서귀포시 교통행정과,064-760-3138,33.288233,126.6275841,,2026-04-16
406-2-000093,대륜법환 공영노외1주차장,공영,노외,제주특별자치도 서귀포시 이어도로 897-2 (법환동),제주특별자치도 서귀포시 법환동 1279,16,1,미시행,평일+토요일+공휴일,00:00,23:59,00:00,23:59,00:00,23:59,무료,0,0,,,,,,,,제주특별자치도 서귀포시 교통행정과,064-760-3138,33.236971,126.5109648,,2026-04-16
406-2-000094,월평마을도시재생사업 공영주차장,공영,노외,제주특별자치도 서귀포시 월평로 40 (월평동),제주특별자치도 서귀포시 월평동 410-1,10,1,미시행,평일+토요일+공휴일,00:00,23:59,00:00,23:59,00:00,23:59,무료,0,0,,,,,,,,제주특별자치도 서귀포시 교통행정과,064-760-3138,33.24570658,126.4611258,,2026-04-16
406-2-000095,성산일출봉 주변 녹지공간 조성 주차장(1),공영,노외,,제주특별자치도 서귀포시 성산읍 고성리 250-3,58,2,미시행,평일+토요일+공휴일,00:00,23:59,00:00,23:59,00:00,23:59,무료,0,0,,,,,,,,성산읍행정복지센터,064-710-6657,33.450526,126.922177,,2026-04-16
406-2-000096,성산일출봉 주변 녹지공간 조성 주차장(2),공영,노외,,제주특별자치도 서귀포시 성산읍 고성리 263,223,2,미시행,평일+토요일+공휴일,00:00,23:59,00:00,23:59,00:00,23:59,무료,0,0,,,,,,,,성산읍행정복지센터,064-710-6657,33.455341,126.9255273,,2026-04-16
406-2-000097,남원 광지동 공영주차장,공영,노외,,제주특별자치도 서귀포시 남원읍 남원리 1514-3,24,2,미시행,평일+토요일+공휴일,00:00,23:59,00:00,23:59,00:00,23:59,무료,0,0,,,,,,,,남원읍행정복지센터,064-760-4196,33.28146498,126.709075,,2026-04-16
406-2-000098,산하동교차로 북측 공영주차장,공영,노외,,제주특별자치도 서귀포시 남원읍 의귀리 964-1,15,2,미시행,평일+토요일+공휴일,00:00,23:59,00:00,23:59,00:00,23:59,무료,0,0,,,,,,,,제주특별자치도 서귀포시 교통행정과,064-760-3138,33.3020427,126.7194391,,2026-04-16
406-2-000099,태흥2리 마을회관 북측 공영주차장,공영,노외,,제주특별자치도 서귀포시 남원읍 태흥리 567-9,6,2,미시행,평일+토요일+공휴일,00:00,23:59,00:00,23:59,00:00,23:59,무료,0,0,,,,,,,,제주특별자치도 서귀포시 교통행정과,064-760-3138,33.28814781,126.7450503,,2026-04-16
406-2-000100,성산 노외2 공영주차장,공영,노외,,제주특별자치도 서귀포시 성산읍 성산리 399-123,33,2,미시행,평일+토요일+공휴일,00:00,23:59,00:00,23:59,00:00,23:59,무료,0,0,,,,,,,,제주특별자치도 서귀포시 교통행정과,064-760-3138,33.4589386,126.929765,,2026-04-16
406-2-000101,동광육거리 회전 공영주차장,공영,노외,,제주특별자치도 서귀포시 안덕면 동광리 830,65,2,미시행,평일+토요일+공휴일,00:00,23:59,00:00,23:59,00:00,23:59,무료,0,0,,,,,,,,제주특별자치도 대중교통과,064-710-4355,33.3118701,126.3426367,,2026-04-16
406-2-000102,대정상모 공영노외1주차장,공영,노외,,제주특별자치도 서귀포시 대정읍 상모리 3964-1,37,2,미시행,평일+토요일+공휴일,00:00,23:59,00:00,23:59,00:00,23:59,혼합,30,1000,15,500,,,,신용카드,유공납세자(선정일로부터 1년간). 감면액 이상의 자원봉사마일리지 소지자. 장애정도가 심한 장애인 1일 1차례 3시간 면제+경차. 저공해차. 전기차. 4.3 희생자 및 유족 50 감면+최근 2년 이내 헌혈증 소지자. 장애정도가 심하지 않은 장애인. 국가유공자. 5.18민주유공자. 고엽제 후유의증 환자. 임산부. 다자녀가정. 의사상자. 장기등 기증자 1일 1차례 3시간 50 감면. 유료운영시간(평일 09:00 ~ 18:00) 이외는 무료,제주특별자치도 서귀포시 교통행정과,064-760-3138,33.22324159,126.2563765,,2026-04-16
406-2-000103,창천리사무소 옆 공영주차장,공영,노외,,제주특별자치도 서귀포시 안덕면 창천리 94-2,18,2,미시행,평일+토요일+공휴일,00:00,23:59,00:00,23:59,00:00,23:59,무료,0,0,,,,,,,,제주특별자치도 서귀포시 교통행정과,064-760-3138,33.2658886,126.368416,,2026-04-16
406-2-000104,태흥2리 마을회관 인근 공영주차장,공영,노외,,제주특별자치도 서귀포시 남원읍 태흥리 570,15,2,미시행,평일+토요일+공휴일,00:00,23:59,00:00,23:59,00:00,23:59,무료,0,0,,,,,,,,제주특별자치도 서귀포시 교통행정과,064-760-3138,33.2879031,126.7450875,,2026-04-16
406-2-000105,호근동 공영주차장,공영,노외,,제주특별자치도 서귀포시 호근동 1763-2,30,1,미시행,평일+토요일+공휴일,00:00,23:59,00:00,23:59,00:00,23:59,무료,0,0,,,,,,,,제주특별자치도 서귀포시 교통행정과,064-760-3138,33.25759005,126.528151,,2026-04-16
406-2-000106,대평공영주차장,공영,노외,,제주특별자치도 서귀포시 안덕면 창천리 930-5,36,2,미시행,평일+토요일+공휴일,00:00,23:59,00:00,23:59,00:00,23:59,혼합,30,1000,15,500,,,,신용카드,유공납세자(선정일로부터 1년간). 감면액 이상의 자원봉사마일리지 소지자. 장애정도가 심한 장애인 1일 1차례 3시간 면제+경차. 저공해차. 전기차. 4.3 희생자 및 유족 50 감면+최근 2년 이내 헌혈증 소지자. 장애정도가 심하지 않은 장애인. 국가유공자. 5.18민주유공자. 고엽제 후유의증 환자. 임산부. 다자녀가정. 의사상자. 장기등 기증자 1일 1차례 3시간 50 감면. 유료운영시간(평일 09:00 ~ 18:00) 이외는 무료,제주특별자치도 서귀포시 교통행정과,064-760-3138,33.2384865,126.365727,,2026-04-16
406-2-000107,솔동산공영주차장,공영,노외,,제주특별자치도 서귀포시 서귀동 585-5,12,1,요일제,평일+토요일+공휴일,00:00,23:59,00:00,23:59,00:00,23:59,혼합,30,1000,15,500,,,,신용카드,유공납세자(선정일로부터 1년간). 감면액 이상의 자원봉사마일리지 소지자. 장애정도가 심한 장애인 1일 1차례 3시간 면제+경차. 저공해차. 전기차. 4.3 희생자 및 유족 50 감면+최근 2년 이내 헌혈증 소지자. 장애정도가 심하지 않은 장애인. 국가유공자. 5.18민주유공자. 고엽제 후유의증 환자. 임산부. 다자녀가정. 의사상자. 장기등 기증자 1일 1차례 3시간 50 감면. 유료운영시간(평일 09:00 ~ 18:00) 이외는 무료,제주특별자치도 서귀포시 교통행정과,064-760-3138,33.24404328,126.5639136,,2026-04-16
406-2-000108,정방 노외공영주차장,공영,노외,,제주특별자치도 서귀포시 서귀동 403-3,37,1,미시행,평일+토요일+공휴일,00:00,23:59,00:00,23:59,00:00,23:59,혼합,30,1000,15,500,,,,신용카드,유공납세자(선정일로부터 1년간). 감면액 이상의 자원봉사마일리지 소지자. 장애정도가 심한 장애인 1일 1차례 3시간 면제+경차. 저공해차. 전기차. 4.3 희생자 및 유족 50 감면+최근 2년 이내 헌혈증 소지자. 장애정도가 심하지 않은 장애인. 국가유공자. 5.18민주유공자. 고엽제 후유의증 환자. 임산부. 다자녀가정. 의사상자. 장기등 기증자 1일 1차례 3시간 50 감면. 유료운영시간(평일 09:00 ~ 18:00) 이외는 무료,제주특별자치도 서귀포시 교통행정과,064-760-3138,33.24784209,126.565255,,2026-04-16
406-2-000109,하효공영주차장,공영,노외,,제주특별자치도 서귀포시 하효동 148-3,22,1,미시행,평일+토요일+공휴일,00:00,23:59,00:00,23:59,00:00,23:59,무료,0,0,,,,,,,,제주특별자치도 서귀포시 교통행정과,064-760-3138,33.26290445,126.6163609,,2026-04-16
406-2-000110,도순마을 복지회관 옆 공영주차장,공영,노외,,제주특별자치도 서귀포시 도순동 276-5,17,1,미시행,평일+토요일+공휴일,00:00,23:59,00:00,23:59,00:00,23:59,무료,0,0,,,,,,,,제주특별자치도 서귀포시 도시과,064-760-3138,33.25084301,126.475843,,2026-04-16
406-2-000111,서홍 공영주차장,공영,노외,제주특별자치도 서귀포시 솜반천로6번길 17,제주특별자치도 서귀포시 서홍동 397-14,97,1,요일제,평일+토요일+공휴일,00:00,23:59,00:00,23:59,00:00,23:59,혼합,30,1000,15,500,,,100000,신용카드,유공납세자(선정일로부터 1년간). 감면액 이상의 자원봉사마일리지 소지자. 장애정도가 심한 장애인 1일 1차례 3시간 면제+경차. 저공해차. 전기차. 4.3 희생자 및 유족 50 감면+최근 2년 이내 헌혈증 소지자. 장애정도가 심하지 않은 장애인. 국가유공자. 5.18민주유공자. 고엽제 후유의증 환자. 임산부. 다자녀가정. 의사상자. 장기등 기증자 1일 1차례 3시간 50 감면. 유료운영시간(평일 09:00 ~ 18:00) 이외는 무료,제주특별자치도 서귀포시 교통행정과,064-760-3138,33.25605332,126.559301,,2026-04-16
406-2-000112,동홍 공영노외4 주차장,공영,노외,,제주특별자치도 서귀포시 동홍동 1227-2,68,1,미시행,평일+토요일+공휴일,00:00,23:59,00:00,23:59,00:00,23:59,무료,0,0,,,,,,,,제주특별자치도 서귀포시 교통행정과,064-760-3138,33.26433046,126.570903,,2026-04-16
406-2-000113,모슬포중앙시장 공영주차장,공영,노외,,제주특별자치도 서귀포시 대정읍 하모리 822-5,92,2,미시행,평일+토요일+공휴일,00:00,23:59,00:00,23:59,00:00,23:59,무료,0,0,,,,,,,,제주특별자치도 서귀포시 교통행정과,064-760-3138,33.22140917,126.2547379,,2026-04-16
